token_id,character_name
0,Babocru
1,Babu
2,Badae
3,Badrouglou
4,Baebo
5,Baecae
6,Baefu
7,Baegagrae
8,Baegrio
9,Baeja
10,Baekae
11,Baekleve
12,Baekligrae
13,Baekraero
14,Baekriorae
15,Baeni
16,Baenoucri
17,Baeskaepu
18,Baewasu
19,Baewou
20,Baje
21,Bakresko
22,Bali
23,Bama
24,Bame
25,Bapiprio
26,Bapo
27,Baproucri
28,Bashuka
29,Batofra
30,Batro
31,Baza
32,Bebacru
33,Becri
34,Bedrokre
35,Befiri
36,Befri
37,Befrure
38,Befune
39,Begle
40,Begriowo
41,Beheskou
42,Behoustio
43,Bekriothu
44,Bekruske
45,Belu
46,Bemaefio
47,Bemiojae
48,Berou
49,Beshae
50,Bethacrae
51,Bicaedae
52,Bifetu
53,Biglaso
54,Bigoudio
55,Bigrito
56,Bigu
57,Biha
58,Bijoska
59,Biofougio
60,Biofri
61,Biofroufio
62,Biogroda
63,Biogubae
64,Biohi
65,Bioho
66,Biojihe
67,Biokra
68,Biokrefri
69,Biomougae
70,Biopeglou
71,Biosiho
72,Bioskaeja
73,Bioskufre
74,Biotri
75,Biotrijae
76,Biotriovo
77,Bioze
78,Bipougli
79,Biredu
80,Biri
81,Biroukrio
82,Bitaekla
83,Bitasou
84,Bithu
85,Biwouglo
86,Boba
87,Bobitrio
88,Bobroutrou
89,Bocragi
90,Bofusa
91,Boglo
92,Bohiglae
93,Boke
94,Bokio
95,Boklae
96,Bokra
97,Bolaestae
98,Bolepru
99,Boliojae
100,Bomou
101,Bomoukla
102,Bonou
103,Bopra
104,Bora
105,Borege
106,Bosketrou
107,Boste
108,Bosti
109,Bosu
110,Bote
111,Boufrebre
112,Bouglio
113,Bougro
114,Bougru
115,Bouhaebrae
116,Boujifrio
117,Boujousio
118,Boukriso
119,Boulire
120,Boupioku
121,Boupriha
122,Bouse
123,Bouseca
124,Boustedi
125,Boustutu
126,Boutrou
127,Bouwioske
128,Bouze
129,Bovame
130,Bowiomo
131,Bozi
132,Brabaeni
133,Brabi
134,Braco
135,Bradiha
136,Braebrae
137,Braecrimo
138,Braefamu
139,Braefe
140,Braehu
141,Braeju
142,Braeklukri
143,Braeliotae
144,Braelu
145,Braeme
146,Braemopou
147,Braepaefri
148,Braeprio
149,Braesto
150,Braezora
151,Brafrio
152,Brage
153,Bragegro
154,Braglae
155,Braklaetri
156,Brakrufrae
157,Bralousho
158,Brami
159,Branigru
160,Brapri
161,Brapriovio
162,Brathe
163,Bratredru
164,Bratroukru
165,Brawi
166,Brebriodro
167,Brecraefro
168,Bredrae
169,Brefraehae
170,Bregowu
171,Brekaethi
172,Breklae
173,Brekle
174,Brekra
175,Breku
176,Brepa
177,Brepousae
178,Brerio
179,Breske
180,Bresko
181,Brestacae
182,Bretrou
183,Bretru
184,Bretu
185,Brezae
186,Breziotu
187,Bricrio
188,Bricro
189,Bridrefae
190,Brifedu
191,Brifi
192,Brifri
193,Brifuve
194,Briglaja
195,Brigledro
196,Brigu
197,Brikou
198,Brikra
199,Briku
200,Brimae
201,Briogrogi
202,Briokae
203,Briokla
204,Brioklabre
205,Briona
206,Brioprou
207,Briorugu
208,Brioskadre
209,Briostoko
210,Briothuwae
211,Briowecra
212,Briso
213,Bristoglio
214,Brito
215,Briwe
216,Brize
217,Brobrou
218,Brocaepe
219,Brodricre
220,Brodushe
221,Brofae
222,Brofrefrae
223,Brofru
224,Brogi
225,Brogle
226,Brogu
227,Broklegi
228,Bropou
229,Broprekli
230,Broskiodru
231,Brosko
232,Brotethio
233,Brothafio
234,Brothe
235,Brotrobae
236,Broubestu
237,Broucraku
238,Broudaehe
239,Broufaesou
240,Brouglae
241,Brougu
242,Brouhuge
243,Brouneti
244,Broupio
245,Brousae
246,Brousho
247,Brouska
248,Brouta
249,Brouto
250,Broutre
251,Brovecri
252,Brozepa
253,Brozobou
254,Brudebo
255,Brudotu
256,Bruklaro
257,Brukle
258,Bruklithi
259,Bruklosio
260,Brunizi
261,Brupru
262,Brutiofrio
263,Brutre
264,Bruwae
265,Buboufi
266,Bubra
267,Bubroju
268,Bucewo
269,Bucrou
270,Bufaprou
271,Bufe
272,Bufrena
273,Buhoro
274,Bujoufou
275,Bukle
276,Bulaemou
277,Bunocri
278,Bunofrae
279,Buskopae
280,Busogra
281,Bustaeshe
282,Bustiorae
283,Bustiozi
284,Buthi
285,Butoulou
286,Buvae
287,Buvo
288,Buvudrae
289,Caca
290,Cacele
291,Cacrou
292,Caecepio
293,Caeciofrou
294,Caecrifae
295,Caeginou
296,Caegou
297,Caekapru
298,Caekrae
299,Caelathu
300,Caelio
301,Caemi
302,Caemioshi
303,Caepio
304,Caerofra
305,Caestiocro
306,Caevatrae
307,Cagifu
308,Cagio
309,Calio
310,Cami
311,Capaeru
312,Capistae
313,Capo
314,Caproprae
315,Cashiorae
316,Cashotio
317,Catrakae
318,Catu
319,Cavi
320,Cazu
321,Cebrikre
322,Cefri
323,Cefrioti
324,Cegeprio
325,Cego
326,Cehou
327,Ceklagru
328,Cekli
329,Cekriokle
330,Cesko
331,Cesta
332,Ceta
333,Cethute
334,Cetrae
335,Cetrurio
336,Cevi
337,Cewa
338,Cezae
339,Ciba
340,Cibi
341,Ciboufio
342,Cibousou
343,Cicagla
344,Cicrihu
345,Cicrou
346,Cida
347,Cidri
348,Cihu
349,Cijesu
350,Cikethi
351,Cikishio
352,Ciklou
353,Cikra
354,Cila
355,Cimo
356,Ciobakre
357,Ciobo
358,Ciocre
359,Ciodile
360,Ciofroujou
361,Cioglakrio
362,Ciohipru
363,Cioklecrae
364,Ciokrou
365,Ciorikro
366,Ciosae
367,Cioshedrae
368,Ciosi
369,Cioski
370,Ciotaelou
371,Ciotrio
372,Ciovio
373,Ciovugrio
374,Ciowe
375,Ciowekre
376,Cipraeste
377,Ciskobri
378,Ciskougo
379,Citegio
380,Civa
381,Ciwiothu
382,Cizafro
383,Cobiothio
384,Cobroshu
385,Cofio
386,Cohoprae
387,Coju
388,Cokela
389,Coklio
390,Coklukou
391,Cokriowi
392,Conowi
393,Copriocrio
394,Copruhi
395,Coske
396,Cotiosa
397,Coubri
398,Coucri
399,Coucuja
400,Coudro
401,Coufibio
402,Coufrio
403,Cougae
404,Couguglio
405,Couhoudre
406,Coujio
407,Couklivi
408,Coukrae
409,Coupouglu
410,Couthaeku
411,Coutio
412,Couvita
413,Couzulo
414,Covae
415,Cove
416,Cowoudrio
417,Cradishu
418,Craebio
419,Craecropae
420,Craedrouwa
421,Craefosu
422,Craefuglu
423,Craeglilio
424,Craejio
425,Craeklou
426,Craekuthae
427,Craenou
428,Craepi
429,Craepizio
430,Craeprikle
431,Craera
432,Craeskoshe
433,Craesku
434,Craethidro
435,Craethokli
436,Craeti
437,Craetra
438,Craetrou
439,Craewae
440,Craewobrou
441,Crafiosa
442,Crahuhu
443,Crajioskou
444,Craklaska
445,Crako
446,Crakrionae
447,Cralou
448,Cramu
449,Crashio
450,Crashou
451,Crasku
452,Crata
453,Cratuhu
454,Crecio
455,Crecou
456,Crecraja
457,Crecrevio
458,Crediodro
459,Credri
460,Credrusti
461,Crehogru
462,Crekiolae
463,Crekla
464,Crekri
465,Creku
466,Crelaju
467,Creli
468,Crepaemi
469,Crepouske
470,Creshibru
471,Crestotu
472,Crestu
473,Creti
474,Crevio
475,Crewe
476,Creza
477,Cribe
478,Crica
479,Cricotri
480,Cricrero
481,Crigrathi
482,Crigre
483,Criklaepru
484,Crinae
485,Criodra
486,Criodru
487,Criofiglae
488,Criohiopu
489,Criojife
490,Criokri
491,Criokro
492,Crionou
493,Crioprae
494,Crioshi
495,Criosho
496,Crioshusha
497,Criosioda
498,Crioskohu
499,Criova
500,Criovethou
501,Criru
502,Cristere
503,Critritrae
504,Crizae
505,Crizafi
506,Crizio
507,Crocrou
508,Crocu
509,Crodaemio
510,Crogioshu
511,Crogle
512,Crogru
513,Crohio
514,Crokaestae
515,Croklaele
516,Croklepe
517,Crokloulou
518,Croklubrae
519,Cromae
520,Crosi
521,Crotho
522,Crotishou
523,Croto
524,Crotrami
525,Croubasa
526,Croubesa
527,Croubou
528,Crouco
529,Croudio
530,Croudre
531,Crouhiowi
532,Croujodu
533,Crouklana
534,Crouku
535,Croulouno
536,Croumouvae
537,Crounio
538,Crouprae
539,Crouste
540,Croutro
541,Crouve
542,Crouwaego
543,Crouzu
544,Crove
545,Crovu
546,Crowiprou
547,Crubae
548,Crubu
549,Crudafro
550,Crufroufe
551,Cruja
552,Crujeha
553,Crujiocio
554,Crulo
555,Crumipro
556,Crupoucae
557,Crusti
558,Crute
559,Cruva
560,Cruvio
561,Cuba
562,Cudra
563,Cufrioju
564,Cuka
565,Cukli
566,Cuma
567,Cunebi
568,Cupe
569,Cusavae
570,Cushioklu
571,Cuskaetra
572,Cuteda
573,Cuvae
574,Cuzi
575,Dabahae
576,Dabregra
577,Dacu
578,Dadregrou
579,Dadru
580,Daebo
581,Daecrae
582,Daedrou
583,Daedrovio
584,Daefraefre
585,Daegaeve
586,Daegu
587,Daehutou
588,Daekridre
589,Daemae
590,Daeno
591,Daeposhu
592,Daeshou
593,Daesi
594,Daeskio
595,Daesko
596,Daesto
597,Daevio
598,Daezioshio
599,Daezujo
600,Dafroukrio
601,Dagra
602,Dagre
603,Dakiocae
604,Daklaglou
605,Damutio
606,Dapa
607,Daprahio
608,Dasho
609,Dashuja
610,Dasko
611,Datro
612,Debralu
613,Debrou
614,Dege
615,Degrou
616,Degu
617,Dejare
618,Dejehi
619,Dekrio
620,Dema
621,Deprigro
622,Deraja
623,Deskesti
624,Detae
625,Detraju
626,Devioji
627,Devoutro
628,Dewawio
629,Dibo
630,Dibou
631,Dibraklou
632,Dico
633,Dicrawo
634,Didra
635,Difepi
636,Difridou
637,Dijaedio
638,Dilae
639,Dioca
640,Diofre
641,Diogli
642,Dioha
643,Diohi
644,Diolioste
645,Diopagio
646,Diothi
647,Diotri
648,Diotu
649,Diovi
650,Dioweha
651,Diowouda
652,Dipre
653,Dirigla
654,Disigla
655,Distaeha
656,Ditru
657,Diwiohou
658,Dizigla
659,Dizio
660,Dizu
661,Dodi
662,Dofaho
663,Dofro
664,Dohupri
665,Dolae
666,Dolu
667,Donio
668,Dopa
669,Dopibrio
670,Dopouskae
671,Doprezio
672,Dorio
673,Doshirae
674,Doshu
675,Doske
676,Doskio
677,Dosko
678,Dosku
679,Dotiri
680,Doucaecu
681,Doude
682,Doudijio
683,Doudo
684,Douha
685,Douhuse
686,Doujiprou
687,Douka
688,Doukiogla
689,Douklousou
690,Doukrae
691,Douku
692,Doumihe
693,Dourejae
694,Douskushou
695,Doutriodro
696,Douva
697,Douvitrou
698,Douwiofri
699,Douwoshio
700,Douzi
701,Dova
702,Dovonu
703,Dowa
704,Dowo
705,Drabrio
706,Drabrou
707,Dracaebre
708,Dracepe
709,Dracroufae
710,Drade
711,Draeba
712,Draebi
713,Draecrio
714,Draecutru
715,Draefa
716,Draefre
717,Draegrae
718,Draejou
719,Draekla
720,Draekrou
721,Draelio
722,Draepi
723,Draeprezae
724,Draeprio
725,Draerae
726,Draese
727,Draethokou
728,Draethou
729,Draetruklu
730,Draevou
731,Draglio
732,Drakle
733,Draklorou
734,Drakra
735,Dramegi
736,Drapa
737,Drashico
738,Drasta
739,Drastaegra
740,Drastewae
741,Dratho
742,Dratro
743,Drazae
744,Drebraglae
745,Drecae
746,Drecrupae
747,Dredu
748,Drefru
749,Dreglustae
750,Dregodu
751,Drejoufrae
752,Drekathou
753,Drekro
754,Drekuwi
755,Dremekla
756,Drepriolae
757,Drerio
758,Drethae
759,Dribrotri
760,Dricaebu
761,Dricrihi
762,Dridrio
763,Drihaezi
764,Driloutou
765,Driniotru
766,Driobro
767,Driocrikru
768,Driodro
769,Driodrupa
770,Driofaeci
771,Driofou
772,Driofru
773,Driogae
774,Driogifru
775,Drioklouvi
776,Drionu
777,Drionusae
778,Drioroda
779,Driosku
780,Driostou
781,Driostu
782,Driotae
783,Driothofru
784,Driotionae
785,Driotrada
786,Dripa
787,Dripru
788,Drishi
789,Drithathae
790,Dritrae
791,Dritrevo
792,Dritro
793,Dritu
794,Drivulou
795,Drizu
796,Drobu
797,Drocugu
798,Drogegou
799,Drogiokri
800,Drogo
801,Drogratra
802,Drokioce
803,Droklou
804,Drokrio
805,Dromemo
806,Droprou
807,Droshae
808,Drotha
809,Drouca
810,Droucrae
811,Droucrioro
812,Droufrefri
813,Droufri
814,Drougacru
815,Drougicro
816,Drouklava
817,Drouklepru
818,Droukro
819,Droumio
820,Drounou
821,Drousifrio
822,Drouskio
823,Drousti
824,Drouthe
825,Drouthu
826,Droutou
827,Drouvo
828,Drouwoutra
829,Drouzou
830,Drovaesou
831,Drovu
832,Drowaesae
833,Drowiope
834,Drozipre
835,Drubio
836,Drubru
837,Drubufrio
838,Druca
839,Drucaefri
840,Drudavo
841,Drudoukio
842,Drufragra
843,Drufreglou
844,Drujepro
845,Drujite
846,Drujodru
847,Druketru
848,Drupiofi
849,Drupro
850,Druproupa
851,Drurio
852,Drusae
853,Druskou
854,Druthitha
855,Druwirou
856,Druzoglu
857,Ducretae
858,Ducru
859,Dudaeste
860,Dudriokra
861,Dudrou
862,Dufo
863,Duglu
864,Dugraegru
865,Duho
866,Dukaene
867,Dukloudri
868,Dukrio
869,Dukru
870,Dumi
871,Dumiolae
872,Dune
873,Dupriokru
874,Dura
875,Dushu
876,Duskio
877,Dusta
878,Dustioku
879,Dutafrou
880,Dutrio
881,Dutru
882,Duviola
883,Duwulae
884,Duzo
885,Fabounio
886,Fabrioco
887,Fabrou
888,Fabru
889,Fado
890,Fadrae
891,Fadrou
892,Faebi
893,Faebitrou
894,Faecioli
895,Faecruzae
896,Faegaski
897,Faegijae
898,Faehe
899,Faehiozi
900,Faehou
901,Faejishae
902,Faeklou
903,Faekrecri
904,Faenioshou
905,Faerae
906,Faesi
907,Faesiklou
908,Faetou
909,Faetraewo
910,Faeviocae
911,Faevukou
912,Faewi
913,Fafri
914,Fafrodo
915,Fafroumo
916,Fahagio
917,Faje
918,Faklujae
919,Fakri
920,Faku
921,Falo
922,Famu
923,Fanou
924,Fasha
925,Fashounae
926,Fasoskou
927,Fasuthou
928,Fatio
929,Fawou
930,Faza
931,Fecrafe
932,Fedae
933,Fefae
934,Fefre
935,Fefri
936,Fegaeha
937,Feglae
938,Feglioko
939,Feglou
940,Fegou
941,Fehitro
942,Fekroune
943,Fenafrio
944,Fenina
945,Feshio
946,Feshiobrae
947,Feskoubri
948,Fetizio
949,Fetrae
950,Fevae
951,Fewipro
952,Fibe
953,Fidrogle
954,Figae
955,Figlae
956,Fihafro
957,Fihu
958,Fiobabou
959,Fiobu
960,Fiocra
961,Fiocrazou
962,Fiocrouwae
963,Fiocu
964,Fioda
965,Fiodaebi
966,Fiogrovio
967,Fiokicio
968,Fiokourio
969,Fiokrivi
970,Fiomoubrio
971,Fiorae
972,Fiorou
973,Fioshiro
974,Fiosi
975,Fiothe
976,Fiothou
977,Fiotri
978,Fiotuglio
979,Fiowaejio
980,Firio
981,Fistusa
982,Fobru
983,Focru
984,Fodogu
985,Fofri
986,Foglucra
987,Fogoutu
988,Fohicio
989,Fojio
990,Foki
991,Fokihi
992,Folouklio
993,Fonu
994,Fope
995,Foshio
996,Foskio
997,Fosouzu
998,Fotri
999,Fouboujou
1000,Foucoukro
1001,Foucrunae
1002,Foudedra
1003,Foufou
1004,Foukra
1005,Foukraeno
1006,Fouliosku
1007,Foumoubro
1008,Fouraestou
1009,Fousu
1010,Foute
1011,Fouti
1012,Foutu
1013,Fouvoglio
1014,Fova
1015,Fowishio
1016,Frace
1017,Fracruzo
1018,Fracuri
1019,Frade
1020,Fradri
1021,Fradu
1022,Fraebre
1023,Fraebrio
1024,Fraeda
1025,Fraedio
1026,Fraedra
1027,Fraefi
1028,Fraegla
1029,Fraeklio
1030,Fraelae
1031,Fraenae
1032,Fraepi
1033,Fraepru
1034,Fraesikla
1035,Fraethe
1036,Fraetou
1037,Fraezi
1038,Fraezigra
1039,Fraeziskio
1040,Fragae
1041,Fragiwo
1042,Fragligri
1043,Fragri
1044,Fragrojio
1045,Fraklaevio
1046,Frasku
1047,Frathae
1048,Frawo
1049,Fredrazi
1050,Fredrou
1051,Frefiofae
1052,Frefrae
1053,Fregle
1054,Frejae
1055,Freklunae
1056,Frepou
1057,Freprofae
1058,Fresho
1059,Freska
1060,Fresko
1061,Frestivae
1062,Frewi
1063,Freworou
1064,Fribe
1065,Fricrou
1066,Frifae
1067,Frigicio
1068,Frikle
1069,Frikrio
1070,Frilesha
1071,Frilidae
1072,Frinae
1073,Friocrae
1074,Friofapi
1075,Friogahio
1076,Frioki
1077,Friokri
1078,Frioniowe
1079,Friopodio
1080,Frioshaevi
1081,Friososki
1082,Friotri
1083,Friovebru
1084,Fripilo
1085,Fripri
1086,Frise
1087,Friskekro
1088,Friste
1089,Fristou
1090,Fritourou
1091,Frivitri
1092,Frivou
1093,Frizeprae
1094,Frobio
1095,Frocrimio
1096,Frodae
1097,Frodrice
1098,Frodrokro
1099,Frodu
1100,Froglu
1101,Frogouthi
1102,Froho
1103,Frohou
1104,Froji
1105,Frokli
1106,Frokrika
1107,Frori
1108,Frosae
1109,Frosesae
1110,Froshaevou
1111,Frostaecio
1112,Frostougu
1113,Frotrouvu
1114,Frouglesto
1115,Froukru
1116,Froukrugou
1117,Frouloklo
1118,Froumekro
1119,Frouni
1120,Frouprae
1121,Frouridio
1122,Frourio
1123,Frousa
1124,Frousho
1125,Frouskepru
1126,Frouwi
1127,Frovigo
1128,Frubaeklou
1129,Frubri
1130,Frucriga
1131,Frucriofra
1132,Frudotri
1133,Frufe
1134,Frufrae
1135,Frufru
1136,Frugi
1137,Fruklio
1138,Frume
1139,Frushi
1140,Fruskocri
1141,Frusto
1142,Frutho
1143,Fruthouto
1144,Fruvu
1145,Fruwe
1146,Fruzutou
1147,Fubru
1148,Fuci
1149,Fucouvi
1150,Fudaeglio
1151,Fudrou
1152,Fufre
1153,Fugishou
1154,Fuglo
1155,Fugubae
1156,Fukri
1157,Fumaco
1158,Funi
1159,Furiba
1160,Fusho
1161,Fuska
1162,Fuskiokae
1163,Fusko
1164,Fuskotre
1165,Futraetou
1166,Futricrae
1167,Futrou
1168,Fuvio
1169,Fuwe
1170,Gabrio
1171,Gaebrou
1172,Gaecio
1173,Gaecocou
1174,Gaecra
1175,Gaedoushi
1176,Gaefawo
1177,Gaegako
1178,Gaeklo
1179,Gaele
1180,Gaere
1181,Gaeru
1182,Gaesalae
1183,Gaeski
1184,Gaeskuli
1185,Gaetriogro
1186,Gaetu
1187,Gaewatrio
1188,Gaewisou
1189,Gaezio
1190,Gafae
1191,Ganou
1192,Garou
1193,Gasotu
1194,Gatrio
1195,Gatumio
1196,Gava
1197,Gebrisu
1198,Gecasou
1199,Geglaska
1200,Geglethi
1201,Gegrou
1202,Gehou
1203,Gejo
1204,Gekla
1205,Geklae
1206,Gekrosho
1207,Gekrupu
1208,Gepre
1209,Gesti
1210,Gestiofrou
1211,Gethio
1212,Getiglou
1213,Getra
1214,Geva
1215,Gibucae
1216,Gici
1217,Gico
1218,Gicravou
1219,Gidrikra
1220,Gifrecae
1221,Giglufe
1222,Gigre
1223,Gigriodrou
1224,Gigru
1225,Gikridou
1226,Gimulu
1227,Ginabrou
1228,Ginou
1229,Giodrousa
1230,Gioga
1231,Gioge
1232,Giogegrio
1233,Giogrio
1234,Gioprupe
1235,Giostae
1236,Giovio
1237,Giowio
1238,Giozio
1239,Gipou
1240,Giruwa
1241,Giskecae
1242,Gisko
1243,Githucrio
1244,Gitroha
1245,Gitrou
1246,Giwu
1247,Glabrotrae
1248,Glabu
1249,Glabukrou
1250,Gladre
1251,Gladriofo
1252,Glaebaprio
1253,Glaedre
1254,Glaegi
1255,Glaeke
1256,Glaeklae
1257,Glaekrae
1258,Glaelae
1259,Glaeprou
1260,Glaeprusou
1261,Glaesina
1262,Glaeskaewi
1263,Glaeskou
1264,Glaewekou
1265,Glagio
1266,Glaglio
1267,Glagregro
1268,Glaho
1269,Glakre
1270,Glamezu
1271,Glamoshu
1272,Glanio
1273,Glaprice
1274,Glashaecri
1275,Glashivae
1276,Glashu
1277,Glasko
1278,Glathoufou
1279,Glavoupri
1280,Glawi
1281,Glazione
1282,Glazo
1283,Glebo
1284,Gledi
1285,Glefaecou
1286,Glefrishae
1287,Glegle
1288,Gleglio
1289,Gleglou
1290,Glegrokro
1291,Glemekrio
1292,Glerio
1293,Glero
1294,Gleseru
1295,Glesioto
1296,Gleskaga
1297,Glestae
1298,Glibaetrio
1299,Glibo
1300,Glicrusti
1301,Glidioce
1302,Glifra
1303,Gligaklu
1304,Gligru
1305,Gliniovou
1306,Gliocru
1307,Gliodra
1308,Gliodruhe
1309,Gliofrishu
1310,Gliofristu
1311,Gliogla
1312,Gliope
1313,Gliosho
1314,Gliosio
1315,Gliothu
1316,Gliotre
1317,Gliotri
1318,Gliotujae
1319,Gliozugrou
1320,Glishufa
1321,Glistaewou
1322,Glithe
1323,Glithi
1324,Glithiono
1325,Glitu
1326,Gliwa
1327,Gliweska
1328,Globrou
1329,Glofae
1330,Glogae
1331,Gloklanu
1332,Gloklio
1333,Glola
1334,Glolebe
1335,Gloprego
1336,Gloraevio
1337,Glorumou
1338,Gloshure
1339,Gloskipio
1340,Glostebrio
1341,Glote
1342,Gloubetre
1343,Gloubrou
1344,Gloucru
1345,Gloudrure
1346,Gloufa
1347,Glougo
1348,Gloujio
1349,Gloukiozio
1350,Gloukluka
1351,Gloulioje
1352,Glounou
1353,Glouzefu
1354,Glowi
1355,Glozu
1356,Glubririo
1357,Gluciose
1358,Glugli
1359,Gluju
1360,Glukrirae
1361,Glukuwio
1362,Glupru
1363,Gluskograe
1364,Gluskoutri
1365,Glusou
1366,Gluthae
1367,Gluthapre
1368,Gluvou
1369,Goba
1370,Gohi
1371,Gojezae
1372,Gojou
1373,Goke
1374,Goliojio
1375,Gomi
1376,Gopawo
1377,Gopri
1378,Goproukrae
1379,Goshifri
1380,Gothoglae
1381,Gothu
1382,Goubrio
1383,Goudrebro
1384,Goufru
1385,Gouglo
1386,Gouglou
1387,Goukae
1388,Goukokru
1389,Goukou
1390,Goustaerae
1391,Gracoshae
1392,Grado
1393,Gradubi
1394,Graebre
1395,Graecaehu
1396,Graecionio
1397,Graedo
1398,Graedrapri
1399,Graedre
1400,Graefrae
1401,Graefrio
1402,Graehio
1403,Graejae
1404,Graeleke
1405,Graelio
1406,Graema
1407,Graemucou
1408,Graenisi
1409,Graepapi
1410,Graepe
1411,Graerekae
1412,Graeshio
1413,Graeskelo
1414,Graesto
1415,Graethou
1416,Grahio
1417,Grajio
1418,Graki
1419,Graklu
1420,Gramiopro
1421,Granu
1422,Graprufra
1423,Grashi
1424,Grasoulou
1425,Grava
1426,Grecou
1427,Grecu
1428,Greglo
1429,Grego
1430,Gregu
1431,Gregufrio
1432,Grejipi
1433,Grekio
1434,Grekli
1435,Grekrou
1436,Gremio
1437,Gremugi
1438,Grepae
1439,Grepioshou
1440,Grepou
1441,Greprae
1442,Gresha
1443,Greska
1444,Grewu
1445,Gribudu
1446,Gride
1447,Gridrae
1448,Grifio
1449,Grifroubo
1450,Grigliozu
1451,Griglo
1452,Griglu
1453,Grike
1454,Griklu
1455,Grikro
1456,Grimio
1457,Griobrouka
1458,Griodizae
1459,Griograja
1460,Griojedri
1461,Griokraku
1462,Griokriopu
1463,Griolaepou
1464,Griomo
1465,Griosko
1466,Griosou
1467,Griotrio
1468,Griozou
1469,Gripiogrio
1470,Griprae
1471,Gripru
1472,Griribrae
1473,Grirolu
1474,Grithoupri
1475,Griziowo
1476,Grobubio
1477,Grogu
1478,Grojacrio
1479,Grojilo
1480,Grolohu
1481,Grolu
1482,Groma
1483,Gronaca
1484,Gropi
1485,Grora
1486,Groshi
1487,Grotae
1488,Grotaeza
1489,Groube
1490,Grouca
1491,Groudeju
1492,Groufiosto
1493,Grougroski
1494,Grougrou
1495,Grouhae
1496,Grouka
1497,Groule
1498,Grousastou
1499,Groushe
1500,Groushiska
1501,Groushuklu
1502,Grouthoube
1503,Grouvogle
1504,Grubipio
1505,Grudrasho
1506,Grudrecri
1507,Grudu
1508,Gruglio
1509,Gruklae
1510,Gruklio
1511,Grukra
1512,Grukre
1513,Grumae
1514,Grupae
1515,Gruprebu
1516,Grusuklu
1517,Gruthaebae
1518,Guboucra
1519,Gucapou
1520,Gufo
1521,Gufobru
1522,Gufrio
1523,Guga
1524,Gugeshio
1525,Gugre
1526,Gujo
1527,Gukli
1528,Gukri
1529,Gulou
1530,Gumivio
1531,Gusha
1532,Gushio
1533,Gustigo
1534,Gustou
1535,Guta
1536,Gutuju
1537,Guvio
1538,Guzoutrae
1539,Hacetri
1540,Hadri
1541,Hadukli
1542,Haece
1543,Haeceklio
1544,Haecracre
1545,Haecrepio
1546,Haecri
1547,Haecugio
1548,Haegou
1549,Haegroubre
1550,Haegrugrae
1551,Haehio
1552,Haehu
1553,Haejougla
1554,Haeklo
1555,Haekoushae
1556,Haekroli
1557,Haelo
1558,Haemioprae
1559,Haepre
1560,Haepu
1561,Haesho
1562,Haeso
1563,Haewute
1564,Hafrazio
1565,Hafri
1566,Hafrio
1567,Hahuglio
1568,Haja
1569,Hashu
1570,Haskakro
1571,Haskio
1572,Hathiosi
1573,Hatra
1574,Hatrou
1575,Hawewae
1576,Hazalou
1577,Hebice
1578,Hecra
1579,Hedraele
1580,Hefri
1581,Hegae
1582,Hegalou
1583,Hejou
1584,Hejukio
1585,Hekli
1586,Hemedri
1587,Hepa
1588,Hepre
1589,Hepu
1590,Heske
1591,Heskutha
1592,Hesta
1593,Hesto
1594,Hethou
1595,Heva
1596,Hewa
1597,Hewakli
1598,Hewouwi
1599,Hibiju
1600,Hidio
1601,Hificio
1602,Higla
1603,Higratu
1604,Hihaewo
1605,Hihu
1606,Hiko
1607,Hikraebo
1608,Hinetrio
1609,Hiocae
1610,Hioco
1611,Hiodoushae
1612,Hiodri
1613,Hiofroufe
1614,Hiogru
1615,Hiohou
1616,Hiokae
1617,Hioklae
1618,Hionacra
1619,Hiopaeki
1620,Hioripio
1621,Hiosae
1622,Hiosasae
1623,Hioshemu
1624,Hiostou
1625,Hiozogu
1626,Hire
1627,Hiroski
1628,Hise
1629,Hishoulou
1630,Hiskou
1631,Histaepa
1632,Hobraesku
1633,Hocike
1634,Hoda
1635,Hogi
1636,Hogufrou
1637,Hoji
1638,Hoklefrou
1639,Homou
1640,Hopo
1641,Hosaelu
1642,Hoskosti
1643,Hothaeklu
1644,Hothocrae
1645,Hotra
1646,Houbioshae
1647,Houcouta
1648,Houcrou
1649,Houfrudrou
1650,Houglukrae
1651,Houklujou
1652,Houkrae
1653,Houlapio
1654,Houpiogri
1655,Hourouvio
1656,Housamae
1657,House
1658,Houshucae
1659,Houstae
1660,Houstazi
1661,Houstiocru
1662,Houtrecrae
1663,Houwiosto
1664,Houzou
1665,Hozaepra
1666,Hozio
1667,Hozopu
1668,Hubou
1669,Hubrekle
1670,Hubrikio
1671,Hucrawio
1672,Hucrukru
1673,Hudae
1674,Hude
1675,Hudroupa
1676,Hugaefa
1677,Hugla
1678,Hukekre
1679,Hula
1680,Humu
1681,Humuku
1682,Hupioje
1683,Huskuprio
1684,Huva
1685,Jabu
1686,Jacra
1687,Jadaebo
1688,Jadrekla
1689,Jaecrae
1690,Jaedae
1691,Jaedrio
1692,Jaefrio
1693,Jaefrouca
1694,Jaeglatre
1695,Jaehounae
1696,Jaejiofrou
1697,Jaejiomu
1698,Jaeklae
1699,Jaekri
1700,Jaerodri
1701,Jaesuprae
1702,Jaetaefra
1703,Jaethu
1704,Jaeti
1705,Jaeze
1706,Jafou
1707,Jage
1708,Jagio
1709,Jaglu
1710,Jagriha
1711,Jakrigrou
1712,Jamevou
1713,Janopu
1714,Japi
1715,Japio
1716,Jasou
1717,Jasti
1718,Jato
1719,Javaklou
1720,Jazusou
1721,Jecioke
1722,Jehio
1723,Jeho
1724,Jejiska
1725,Jeklioti
1726,Jekriklio
1727,Jekru
1728,Jeladru
1729,Jeme
1730,Jepru
1731,Jesto
1732,Jestoklio
1733,Jetioda
1734,Jevio
1735,Jewashu
1736,Jezehu
1737,Jicraebi
1738,Jidrani
1739,Jiglali
1740,Jiglukro
1741,Jigrou
1742,Jihe
1743,Jihewou
1744,Jijiocre
1745,Jiklouki
1746,Jilokro
1747,Jinani
1748,Jiocou
1749,Jiodrionu
1750,Jioglo
1751,Jiogru
1752,Jioja
1753,Jiokrou
1754,Jiopru
1755,Jioro
1756,Jiosaeprou
1757,Jiosagio
1758,Jioseke
1759,Jioshu
1760,Jioskae
1761,Jioskouno
1762,Jiosoufrou
1763,Jiostiolu
1764,Jiostu
1765,Jiotibro
1766,Jiovigi
1767,Jiovusu
1768,Jiowa
1769,Jiozigio
1770,Jipe
1771,Jipra
1772,Jishocru
1773,Jistebou
1774,Jistoji
1775,Jistudo
1776,Jithou
1777,Jiwio
1778,Jizioro
1779,Jobaefi
1780,Jobra
1781,Jobri
1782,Jobro
1783,Jociotro
1784,Jodragla
1785,Jodrathio
1786,Jofaegu
1787,Jofe
1788,Jofinu
1789,Jofrinou
1790,Joglini
1791,Jogretae
1792,Jogu
1793,Johoubo
1794,Jokle
1795,Joko
1796,Jokre
1797,Jopo
1798,Joprisa
1799,Joraetrae
1800,Joskike
1801,Josta
1802,Jotra
1803,Jotronae
1804,Jotuski
1805,Joucrioru
1806,Jouda
1807,Joudra
1808,Joudrowou
1809,Joufioprou
1810,Jouglio
1811,Jougre
1812,Jouhou
1813,Joukiostou
1814,Jouli
1815,Joumou
1816,Joupe
1817,Jouposke
1818,Jourouklou
1819,Joushi
1820,Joushou
1821,Joushu
1822,Jouthou
1823,Jouwoumi
1824,Jucilu
1825,Judo
1826,Jugiobrio
1827,Jugle
1828,Jukiograe
1829,Juklou
1830,Jukroklu
1831,Julaeglou
1832,Julostio
1833,Jumoudra
1834,Juno
1835,Jupio
1836,Jushaegra
1837,Jushouklo
1838,Justi
1839,Juzazi
1840,Juzuve
1841,Kabra
1842,Kacae
1843,Kacu
1844,Kaebaehi
1845,Kaebeba
1846,Kaebre
1847,Kaebru
1848,Kaecocrio
1849,Kaecrio
1850,Kaedo
1851,Kaegi
1852,Kaekishou
1853,Kaenioskio
1854,Kaeprae
1855,Kaete
1856,Kaevaeglae
1857,Kaewethio
1858,Kagi
1859,Kahaejou
1860,Kaklu
1861,Kakrou
1862,Kalawo
1863,Kalo
1864,Kanabri
1865,Kapa
1866,Kara
1867,Karou
1868,Kashukro
1869,Katha
1870,Katriotrou
1871,Kawapio
1872,Kebeski
1873,Kebrae
1874,Kebraetha
1875,Kece
1876,Keci
1877,Kecidri
1878,Keglioji
1879,Kehio
1880,Kehou
1881,Kekle
1882,Keklezio
1883,Kekra
1884,Keno
1885,Keshario
1886,Keskaetu
1887,Keski
1888,Keskibrio
1889,Kestou
1890,Ketalu
1891,Ketio
1892,Ketucra
1893,Kevou
1894,Kibru
1895,Kidaekle
1896,Kifasha
1897,Kigaesto
1898,Kigrukae
1899,Kiheprio
1900,Kijo
1901,Kiklio
1902,Kikliosha
1903,Kikloufro
1904,Kikripi
1905,Kima
1906,Kimetrou
1907,Kiobu
1908,Kiofi
1909,Kiofrio
1910,Kiogaestio
1911,Kioglese
1912,Kiogomi
1913,Kiohae
1914,Kioko
1915,Kiolae
1916,Kioliolae
1917,Kiomae
1918,Kionae
1919,Kiopio
1920,Kiopiwa
1921,Kiopofre
1922,Kiosaewa
1923,Kioshiote
1924,Kiothe
1925,Kiova
1926,Kiovaeprae
1927,Kiozaeve
1928,Kipoubrou
1929,Kiri
1930,Kishafrio
1931,Kiskotha
1932,Kitra
1933,Kitraebrae
1934,Kizaebae
1935,Kizio
1936,Klabrasa
1937,Klacae
1938,Klace
1939,Klacio
1940,Klacou
1941,Kladae
1942,Kladewio
1943,Kladudro
1944,Klaeba
1945,Klaebralio
1946,Klaecae
1947,Klaeco
1948,Klaecu
1949,Klaedra
1950,Klaefaekla
1951,Klaegae
1952,Klaegouse
1953,Klaeje
1954,Klaekla
1955,Klaekufri
1956,Klaene
1957,Klaeri
1958,Klaeriotho
1959,Klaeru
1960,Klaesae
1961,Klaeskioge
1962,Klaethae
1963,Klaevaebo
1964,Klaewoufa
1965,Klafufe
1966,Klaga
1967,Klaglo
1968,Klagra
1969,Klahio
1970,Klaki
1971,Klakre
1972,Klami
1973,Klatho
1974,Klatre
1975,Klavu
1976,Klawoura
1977,Klazae
1978,Klazioju
1979,Klecrae
1980,Kledrouwae
1981,Klefefre
1982,Klefrio
1983,Kleglae
1984,Klegouhu
1985,Klehuklio
1986,Klejo
1987,Kleklae
1988,Klemilio
1989,Klemio
1990,Klepru
1991,Klera
1992,Klese
1993,Klestiju
1994,Klewo
1995,Klibaeglae
1996,Klibio
1997,Klibru
1998,Klicroske
1999,Klicru
2000,Klicu
2001,Klifoke
2002,Klifredrae
2003,Kligi
2004,Kliglavu
2005,Kligrae
2006,Kligrio
2007,Kligriopu
2008,Klija
2009,Klijo
2010,Klikrabou
2011,Klina
2012,Kline
2013,Kliobithio
2014,Kliocecrio
2015,Kliocrisu
2016,Kliojoubi
2017,Kliolutha
2018,Kliomaezae
2019,Kliono
2020,Kliopre
2021,Kliorijae
2022,Klioshi
2023,Klioskae
2024,Klioskepe
2025,Klioskio
2026,Klioskou
2027,Kliotosou
2028,Kliowe
2029,Kliozioku
2030,Kliprousti
2031,Klisiopro
2032,Kliskiopo
2033,Klitri
2034,Klivi
2035,Klivou
2036,Klobro
2037,Klobrutae
2038,Klocicro
2039,Klocraedi
2040,Klodri
2041,Klodricre
2042,Klodro
2043,Klofou
2044,Kloglu
2045,Klohitrio
2046,Klojae
2047,Kloklou
2048,Klolae
2049,Klolaski
2050,Klorujo
2051,Kloshiosku
2052,Klosiozo
2053,Klotaefe
2054,Klothipra
2055,Klotoji
2056,Kloubi
2057,Kloubifrou
2058,Klouco
2059,Kloucouste
2060,Kloudrasho
2061,Kloudrou
2062,Kloufaco
2063,Kloufo
2064,Klougro
2065,Kloukleso
2066,Kloulou
2067,Kloupo
2068,Klouprifou
2069,Klouprioci
2070,Kloupura
2071,Kloura
2072,Klourestou
2073,Klouro
2074,Klousku
2075,Kloustou
2076,Klucou
2077,Klucrio
2078,Kludo
2079,Klufrou
2080,Kluglio
2081,Klugubre
2082,Kluko
2083,Klumokle
2084,Klupio
2085,Kluprae
2086,Klusiopra
2087,Kluskaese
2088,Kluste
2089,Klutroskio
2090,Kluva
2091,Kluvae
2092,Kluwi
2093,Kluwuske
2094,Kluzou
2095,Kocra
2096,Kocrefio
2097,Kodou
2098,Kodre
2099,Kodrouthe
2100,Kofou
2101,Kofre
2102,Kogruhou
2103,Kohoune
2104,Koloucu
2105,Kome
2106,Koshahae
2107,Koshevu
2108,Kosi
2109,Koubriski
2110,Kouceno
2111,Koudukli
2112,Koufru
2113,Kouhe
2114,Kouhio
2115,Kouhiozu
2116,Koukiova
2117,Kouklipo
2118,Koukrewe
2119,Kounacu
2120,Koupiofro
2121,Koutrelio
2122,Kouwe
2123,Kouwiopru
2124,Kradru
2125,Kraebru
2126,Kraegle
2127,Kraejike
2128,Kraejio
2129,Kraekouski
2130,Kraekro
2131,Kraepri
2132,Kraeroglo
2133,Kraetrou
2134,Kraevaepru
2135,Kraezabru
2136,Kraezoutou
2137,Krage
2138,Kraglubrae
2139,Krahotrae
2140,Kraje
2141,Krakrio
2142,Krakro
2143,Kramiokio
2144,Krapae
2145,Krarigu
2146,Krarogi
2147,Kraskiokli
2148,Krathulou
2149,Kravaro
2150,Krawi
2151,Krazi
2152,Krecouri
2153,Krefrae
2154,Krehi
2155,Krekrije
2156,Krekrohu
2157,Kreliklou
2158,Kremiose
2159,Krepaece
2160,Kreshe
2161,Kretegri
2162,Kretivou
2163,Krevu
2164,Krezae
2165,Kreze
2166,Kribra
2167,Kricecio
2168,Kricrae
2169,Kriha
2170,Krijiprio
2171,Krili
2172,Krime
2173,Kriobrocio
2174,Kriobrupra
2175,Kriodaemou
2176,Kriodrioro
2177,Kriofaere
2178,Kriogru
2179,Krioho
2180,Krioku
2181,Kriolokli
2182,Kriomo
2183,Kriopio
2184,Kriopo
2185,Kriopri
2186,Kriosa
2187,Kriothae
2188,Kripri
2189,Kriskicre
2190,Kristio
2191,Kritou
2192,Kritra
2193,Krizu
2194,Krobriste
2195,Krobrodre
2196,Krobrothae
2197,Krode
2198,Krofou
2199,Krogrefa
2200,Krogri
2201,Kroja
2202,Kroke
2203,Kroklu
2204,Kromoubo
2205,Kroniose
2206,Kropa
2207,Kroprogrou
2208,Kroprovu
2209,Kroshio
2210,Krosidi
2211,Krougi
2212,Krouglio
2213,Krouhae
2214,Kroukra
2215,Kroupio
2216,Krousaenio
2217,Krousto
2218,Kroutagu
2219,Kroutukri
2220,Krouvae
2221,Krouvopio
2222,Krovoufrae
2223,Krowe
2224,Krubae
2225,Krucae
2226,Krufro
2227,Krufromo
2228,Kruhou
2229,Krukeku
2230,Kruko
2231,Krukro
2232,Krumowe
2233,Krupaefro
2234,Krushethou
2235,Kruskoshou
2236,Kruskuko
2237,Krustou
2238,Krutre
2239,Kubafu
2240,Kubo
2241,Kubowae
2242,Kubravae
2243,Kubro
2244,Kufiva
2245,Kujio
2246,Kujou
2247,Kukigrou
2248,Kumupro
2249,Kurio
2250,Kushaedi
2251,Kutio
2252,Kutou
2253,Kuvovae
2254,Kuzadi
2255,Kuzae
2256,Laebrio
2257,Laecefrio
2258,Laedeprou
2259,Laedri
2260,Laedroukra
2261,Laefi
2262,Laeglio
2263,Laegrivio
2264,Laeguru
2265,Laejaegae
2266,Laejioki
2267,Laekibro
2268,Laekre
2269,Laekrecra
2270,Laelio
2271,Laeniojio
2272,Laenou
2273,Laepae
2274,Laesakae
2275,Laesouprio
2276,Laestoshae
2277,Laetio
2278,Laetu
2279,Laevaeha
2280,Laeve
2281,Lahu
2282,Laklio
2283,Lamae
2284,Lanicae
2285,Latre
2286,Latrouwou
2287,Lavotrio
2288,Lazipae
2289,Lebrae
2290,Lebru
2291,Lefraeshu
2292,Lefu
2293,Legreso
2294,Leja
2295,Leklaecri
2296,Leleskae
2297,Lemi
2298,Lepi
2299,Lepraego
2300,Lesekro
2301,Leshu
2302,Lesile
2303,Lesiotrio
2304,Lestae
2305,Lesteshu
2306,Lestio
2307,Letaglae
2308,Letratho
2309,Levashio
2310,Lewigrio
2311,Lezaeda
2312,Libraeje
2313,Lice
2314,Lifou
2315,Ligio
2316,Ligre
2317,Lijo
2318,Likiju
2319,Likriokri
2320,Liobre
2321,Liobudru
2322,Liocre
2323,Liocrou
2324,Liofa
2325,Lioje
2326,Lioklodre
2327,Liokra
2328,Liolupi
2329,Lionozio
2330,Lioshiogru
2331,Lioskioglu
2332,Liowesi
2333,Lipu
2334,Liradra
2335,Lire
2336,Lishio
2337,Lishogu
2338,Lithio
2339,Litrae
2340,Liwebro
2341,Liwigri
2342,Liwou
2343,Lizaepae
2344,Lizou
2345,Loce
2346,Locro
2347,Lodi
2348,Lofou
2349,Lofouhu
2350,Logiski
2351,Lograesio
2352,Lojuze
2353,Loklastou
2354,Loklio
2355,Lokrae
2356,Lopou
2357,Loprae
2358,Losiowi
2359,Lothu
2360,Lotiostou
2361,Loubigrae
2362,Loubro
2363,Loucae
2364,Loucio
2365,Loucrio
2366,Loufroube
2367,Louglio
2368,Loukrecru
2369,Loupou
2370,Loushuwu
2371,Louskaesha
2372,Loustio
2373,Louzoukou
2374,Lowio
2375,Lugetre
2376,Lugliobre
2377,Luho
2378,Lujiofrae
2379,Luklane
2380,Lukogru
2381,Lukrani
2382,Lukri
2383,Lule
2384,Lulegu
2385,Lulou
2386,Lumae
2387,Lunaeve
2388,Lupriowa
2389,Lutheshio
2390,Luvefru
2391,Luwathae
2392,Mabo
2393,Macrio
2394,Madrae
2395,Madu
2396,Maebra
2397,Maebu
2398,Maecruglou
2399,Maedouklo
2400,Maedripu
2401,Maehebrio
2402,Maehobra
2403,Maehujo
2404,Maejofu
2405,Maepi
2406,Maeskisti
2407,Maeskoutu
2408,Maeso
2409,Maethedu
2410,Maethuji
2411,Maetragrio
2412,Maetragru
2413,Maetro
2414,Maetru
2415,Maevioru
2416,Maevukae
2417,Maewashe
2418,Maezae
2419,Mafo
2420,Magliglae
2421,Magrigra
2422,Malio
2423,Maro
2424,Mashiorae
2425,Mashodru
2426,Mashou
2427,Maska
2428,Mathae
2429,Matrotru
2430,Matrouji
2431,Mazovio
2432,Mebeja
2433,Mebre
2434,Mebrousta
2435,Mecri
2436,Mecro
2437,Mefo
2438,Mefuva
2439,Meglibrou
2440,Mekio
2441,Mekli
2442,Mepio
2443,Meshaekli
2444,Meskaene
2445,Meskio
2446,Mestumu
2447,Meto
2448,Mewae
2449,Mewuvu
2450,Mibrou
2451,Mibroure
2452,Mibutre
2453,Micrio
2454,Micu
2455,Mida
2456,Midelae
2457,Mifokle
2458,Migouglu
2459,Migriono
2460,Mihifi
2461,Mikubae
2462,Miobrazu
2463,Miofra
2464,Miofrepre
2465,Mioglu
2466,Miojo
2467,Miolitae
2468,Miopouto
2469,Mioprio
2470,Miopriogi
2471,Miopuhou
2472,Miosou
2473,Miote
2474,Miotiocou
2475,Miotruwae
2476,Miovapre
2477,Mipraeju
2478,Miprouwa
2479,Mipru
2480,Mitha
2481,Mithahe
2482,Mitou
2483,Mitrou
2484,Miwiobrio
2485,Mobome
2486,Mocouwo
2487,Mocru
2488,Mofrase
2489,Moglaeti
2490,Mohe
2491,Mostepre
2492,Motha
2493,Motho
2494,Moucrola
2495,Moudae
2496,Moudrioco
2497,Moufaefro
2498,Moufri
2499,Mougi
2500,Mouglae
2501,Mouglio
2502,Moukae
2503,Mouke
2504,Mouko
2505,Moukou
2506,Moukrihae
2507,Moukrio
2508,Moulousha
2509,Mourae
2510,Mourio
2511,Mouse
2512,Mouskae
2513,Mouso
2514,Mousta
2515,Mouthaegra
2516,Mouthe
2517,Mudotho
2518,Mudrilae
2519,Mufo
2520,Mufrivou
2521,Mugrenae
2522,Muke
2523,Muklepio
2524,Mulou
2525,Mulujio
2526,Muse
2527,Musiogro
2528,Muskaetrou
2529,Muskeru
2530,Muthothou
2531,Mutrithi
2532,Muwoufi
2533,Nabou
2534,Nadaebe
2535,Naebofrou
2536,Naedikre
2537,Naefae
2538,Naegu
2539,Naeklio
2540,Naepou
2541,Naerae
2542,Naeshi
2543,Naeshu
2544,Naeska
2545,Naesou
2546,Naethioji
2547,Naewaesou
2548,Naewobri
2549,Naezaje
2550,Naezou
2551,Nagio
2552,Naglashae
2553,Nagra
2554,Najalou
2555,Naju
2556,Naki
2557,Naklio
2558,Nakrio
2559,Nalaeklo
2560,Nalioshio
2561,Napuna
2562,Nasubi
2563,Natuma
2564,Nazio
2565,Nedrake
2566,Nefouvio
2567,Nefraehae
2568,Nejoufae
2569,Nekae
2570,Nekugou
2571,Nelio
2572,Nerico
2573,Neriokra
2574,Neshou
2575,Nethiri
2576,Netrouji
2577,Nibra
2578,Nigou
2579,Nigre
2580,Nigrenio
2581,Nigroka
2582,Nigru
2583,Nijiorio
2584,Niklethio
2585,Niklipou
2586,Niofre
2587,Niogrubio
2588,Niokusho
2589,Niomistu
2590,Nionou
2591,Niopralae
2592,Niosha
2593,Nioshio
2594,Nioski
2595,Niosto
2596,Niotha
2597,Niotovi
2598,Niotri
2599,Niotropi
2600,Niovio
2601,Niozou
2602,Nipa
2603,Niska
2604,Nivio
2605,Nodre
2606,Nofrouti
2607,Nohae
2608,Nohidi
2609,Noklio
2610,Nokounou
2611,Nona
2612,None
2613,Noraepae
2614,Nore
2615,Noshio
2616,Noubefu
2617,Noucruke
2618,Noucu
2619,Noufrouwu
2620,Nouglu
2621,Noujustu
2622,Nouke
2623,Nouklinou
2624,Nouklostou
2625,Noukoze
2626,Noulo
2627,Noune
2628,Nouprio
2629,Noure
2630,Nouritru
2631,Noutru
2632,Nouvo
2633,Nouwuvi
2634,Nubae
2635,Nubri
2636,Nuco
2637,Nucribrou
2638,Nudrae
2639,Nugio
2640,Nugleglo
2641,Nuglu
2642,Nuglusio
2643,Nukifi
2644,Nukli
2645,Nukru
2646,Nuli
2647,Numi
2648,Nurifrio
2649,Nuroufri
2650,Nuruhe
2651,Nutakrio
2652,Nuthiwo
2653,Nuvegu
2654,Nuwopae
2655,Pabrio
2656,Pabruto
2657,Pacroustae
2658,Padimou
2659,Padou
2660,Paeba
2661,Paebishou
2662,Paebrijae
2663,Paebrio
2664,Paecegrou
2665,Paedounou
2666,Paedrio
2667,Paegre
2668,Paeha
2669,Paehe
2670,Paehudrou
2671,Paejiokra
2672,Paeklaewo
2673,Paeklonae
2674,Paeklucre
2675,Paekluhou
2676,Paelucrou
2677,Paemio
2678,Paenu
2679,Paepae
2680,Paepioge
2681,Paepou
2682,Paerio
2683,Paeshaefo
2684,Paeshaeno
2685,Paeshaetre
2686,Paeskaekle
2687,Paeskovae
2688,Paetrio
2689,Paewa
2690,Paewofae
2691,Pagrio
2692,Pahiose
2693,Pajio
2694,Palae
2695,Palakla
2696,Pani
2697,Parucru
2698,Pata
2699,Pathou
2700,Pazou
2701,Pebe
2702,Pebradrio
2703,Pecu
2704,Pegesku
2705,Pegrakou
2706,Pekoule
2707,Pekriotrou
2708,Pepu
2709,Pesanio
2710,Pesio
2711,Pestofru
2712,Pestu
2713,Petre
2714,Petro
2715,Pevougla
2716,Pibra
2717,Pigrowio
2718,Pigru
2719,Pije
2720,Pijucio
2721,Pikru
2722,Pimo
2723,Piobio
2724,Piobru
2725,Piocaeci
2726,Piocio
2727,Piociopro
2728,Piocrioske
2729,Piodu
2730,Piofivo
2731,Piofrikrio
2732,Piofrio
2733,Pioju
2734,Pioki
2735,Pioklilio
2736,Piokrite
2737,Piokrougae
2738,Piomibae
2739,Pionu
2740,Pioprou
2741,Piosha
2742,Pioshaecru
2743,Pioshaezou
2744,Piostoucru
2745,Piotre
2746,Piozo
2747,Piro
2748,Pisae
2749,Pishu
2750,Pitha
2751,Pithiopri
2752,Pivu
2753,Piwio
2754,Pobeske
2755,Pobi
2756,Pobrou
2757,Pocri
2758,Pofiona
2759,Pogrio
2760,Pogrowu
2761,Poklou
2762,Pokra
2763,Ponebrou
2764,Popaesko
2765,Poskaezo
2766,Poskouskae
2767,Postougrou
2768,Poucou
2769,Poucrifi
2770,Poudo
2771,Poudrionu
2772,Poudro
2773,Poudusko
2774,Poujaewae
2775,Pouju
2776,Pouklewa
2777,Poule
2778,Pounae
2779,Pounasio
2780,Poupae
2781,Pouraklo
2782,Pousaegu
2783,Pouskozou
2784,Pouste
2785,Poutaerio
2786,Pouthu
2787,Poutriozae
2788,Pouwou
2789,Pouzi
2790,Pove
2791,Prabra
2792,Pracecre
2793,Pracrouske
2794,Pradre
2795,Praduto
2796,Praebro
2797,Praedodou
2798,Praedrofe
2799,Praefaesko
2800,Praefrae
2801,Praeke
2802,Praekistae
2803,Praemenae
2804,Praepa
2805,Praeprae
2806,Praeri
2807,Praewae
2808,Praezite
2809,Pragla
2810,Pragra
2811,Pragru
2812,Praha
2813,Prajustio
2814,Praklio
2815,Prako
2816,Prapiolae
2817,Prapiprio
2818,Prasaeva
2819,Prataglu
2820,Prawounae
2821,Prazo
2822,Prebri
2823,Precra
2824,Precrogre
2825,Predou
2826,Predoukrio
2827,Prefepro
2828,Preglihae
2829,Preha
2830,Prelu
2831,Preluzo
2832,Prenou
2833,Prenuda
2834,Prepae
2835,Prepru
2836,Prerafi
2837,Preshae
2838,Pretha
2839,Pricio
2840,Pricrowa
2841,Pridi
2842,Pridraetri
2843,Pridroglu
2844,Prigiri
2845,Prikaeji
2846,Prikrobrio
2847,Prileje
2848,Priobovio
2849,Priobri
2850,Priocodrou
2851,Prioji
2852,Priokro
2853,Priolegrou
2854,Prionou
2855,Prionu
2856,Priorou
2857,Priose
2858,Priothioze
2859,Priowebra
2860,Priozo
2861,Prira
2862,Prishaglou
2863,Pritroula
2864,Prizou
2865,Probakre
2866,Probra
2867,Probraeto
2868,Probru
2869,Procrima
2870,Prodae
2871,Progre
2872,Projathae
2873,Proklacu
2874,Prokouske
2875,Prolaekri
2876,Promebio
2877,Prona
2878,Proprio
2879,Proroumo
2880,Proskouglu
2881,Proste
2882,Protrioro
2883,Proudetha
2884,Proufo
2885,Prouglo
2886,Prouhithae
2887,Proumio
2888,Proupo
2889,Prouprou
2890,Proupru
2891,Prousikou
2892,Prouskuma
2893,Prouto
2894,Prouwou
2895,Prowoumio
2896,Prubropru
2897,Prucidrae
2898,Prucre
2899,Prudre
2900,Prufrio
2901,Prugiokrio
2902,Prujeve
2903,Pruki
2904,Pruko
2905,Prukupae
2906,Prumoglio
2907,Prupru
2908,Prushele
2909,Prushogru
2910,Prusto
2911,Prutru
2912,Prutuskou
2913,Pruva
2914,Pruzama
2915,Pubaete
2916,Pucrio
2917,Pudre
2918,Pufae
2919,Pugroukla
2920,Puguwae
2921,Pukriodo
2922,Pulae
2923,Pura
2924,Pushoku
2925,Puskoushae
2926,Puthae
2927,Puzupou
2928,Rabaefrou
2929,Rabro
2930,Rabroci
2931,Raco
2932,Racrufro
2933,Radra
2934,Radro
2935,Radu
2936,Raduza
2937,Raeba
2938,Raeglami
2939,Raegougrio
2940,Raegre
2941,Raeprobou
2942,Raeriprio
2943,Raeskecro
2944,Raesku
2945,Raethica
2946,Raetoji
2947,Raetou
2948,Raetrioshi
2949,Ragre
2950,Raklouprio
2951,Ralebio
2952,Ramebio
2953,Ramibe
2954,Ranepro
2955,Rasko
2956,Ratha
2957,Rathou
2958,Ratou
2959,Ratriothio
2960,Rebreklo
2961,Redisto
2962,Reji
2963,Rejosu
2964,Relouthu
2965,Reskija
2966,Restuprou
2967,Ribi
2968,Ribibru
2969,Ribo
2970,Ribre
2971,Ribriokli
2972,Ribruse
2973,Ricro
2974,Ridruga
2975,Rifriju
2976,Rihuwo
2977,Rikaesa
2978,Rikle
2979,Rikrare
2980,Rilawae
2981,Rimounio
2982,Rinou
2983,Riobre
2984,Riobri
2985,Riodoufo
2986,Riofra
2987,Riogla
2988,Riogrio
2989,Riohu
2990,Rioklou
2991,Riokrou
2992,Riolae
2993,Riolu
2994,Riomaemo
2995,Riopacro
2996,Rioprizo
2997,Riorou
2998,Riosae
2999,Rioshou
3000,Riosio
3001,Rioskuski
3002,Riothobo
3003,Riothofae
3004,Riothou
3005,Riothousa
3006,Riovo
3007,Riozi
3008,Ririova
3009,Riro
3010,Rirothou
3011,Risa
3012,Rishae
3013,Rishede
3014,Risobi
3015,Ristemae
3016,Ritagrae
3017,Ritrifro
3018,Ritru
3019,Riwouhe
3020,Rocru
3021,Rodubre
3022,Roglagio
3023,Rohi
3024,Rola
3025,Romaprae
3026,Ronicou
3027,Roprae
3028,Roroje
3029,Rosekre
3030,Rosha
3031,Rotola
3032,Roubaethe
3033,Roubriwa
3034,Roucrastae
3035,Roudo
3036,Roufiogro
3037,Rougro
3038,Roujae
3039,Roujio
3040,Rouklenae
3041,Rouprushi
3042,Rourou
3043,Rouskajio
3044,Rouskiocou
3045,Rousko
3046,Rouste
3047,Roustora
3048,Rouva
3049,Rouwae
3050,Rovoli
3051,Rowi
3052,Rowo
3053,Rubefio
3054,Rubiwa
3055,Rucrepa
3056,Rucruka
3057,Rudraecio
3058,Rudromio
3059,Rugagra
3060,Rugro
3061,Rugu
3062,Ruhigru
3063,Rukli
3064,Rukrutri
3065,Runio
3066,Rupra
3067,Rutaefae
3068,Ruthile
3069,Rutou
3070,Sadio
3071,Sadri
3072,Sadruglae
3073,Saecrafrae
3074,Saede
3075,Saedro
3076,Saefio
3077,Saefretae
3078,Saegu
3079,Saejou
3080,Saekoklo
3081,Saepogu
3082,Saeprioti
3083,Saesae
3084,Saeskiocru
3085,Saetowio
3086,Saevi
3087,Saevio
3088,Saewio
3089,Saezufae
3090,Sagliobri
3091,Sahaegae
3092,Sahouwa
3093,Saklae
3094,Saligrio
3095,Sasaenae
3096,Sasehu
3097,Sataenou
3098,Satafe
3099,Sathio
3100,Satofa
3101,Saveglio
3102,Sazaklo
3103,Secrou
3104,Sedre
3105,Sedroskae
3106,Sedroste
3107,Segou
3108,Seklaeglu
3109,Sekraepro
3110,Selagre
3111,Selio
3112,Sepiore
3113,Setaedae
3114,Sethata
3115,Sevio
3116,Shabioha
3117,Shabru
3118,Shadrushae
3119,Shaebae
3120,Shaebifae
3121,Shaefio
3122,Shaehiohi
3123,Shaelicro
3124,Shaeniokli
3125,Shaenoutru
3126,Shaesouko
3127,Shaestacou
3128,Shaethacra
3129,Shaetrou
3130,Shaezafri
3131,Shaezocrio
3132,Shaezotu
3133,Shafra
3134,Shajae
3135,Shajou
3136,Shaju
3137,Shakostio
3138,Shalaehe
3139,Shalahe
3140,Shasku
3141,Shatrio
3142,Shatrunu
3143,Shebru
3144,Shedouba
3145,Shedrou
3146,Shedroubri
3147,Shefaevio
3148,Shefi
3149,Shefrido
3150,Shegasae
3151,Sheglaekra
3152,Shegletrio
3153,Shegofre
3154,Shejou
3155,Shekacrae
3156,Shekri
3157,Shera
3158,Sherio
3159,Sheru
3160,Shesaestio
3161,Sheste
3162,Shewebu
3163,Shibostae
3164,Shibra
3165,Shidife
3166,Shifiosae
3167,Shiha
3168,Shihi
3169,Shihouzi
3170,Shija
3171,Shiklio
3172,Shilio
3173,Shilou
3174,Shimumio
3175,Shine
3176,Shiobe
3177,Shiobugrio
3178,Shiodre
3179,Shiofamae
3180,Shiogaethi
3181,Shiogla
3182,Shioglae
3183,Shiokio
3184,Shiokleske
3185,Shiopourio
3186,Shiothae
3187,Shiothe
3188,Shiotrae
3189,Shipa
3190,Shipibou
3191,Shipu
3192,Shiskobru
3193,Shithelu
3194,Shivaklo
3195,Shiwae
3196,Shizeni
3197,Shobrae
3198,Shocaza
3199,Shocra
3200,Shoduklo
3201,Shofro
3202,Shohecro
3203,Shoklaelo
3204,Shokliote
3205,Shoklohae
3206,Sholoto
3207,Sholou
3208,Shomoupou
3209,Shoproushi
3210,Shopu
3211,Shorio
3212,Shosoucu
3213,Shouba
3214,Shoubi
3215,Shoubrae
3216,Shoucefa
3217,Shoucekrae
3218,Shoucra
3219,Shouda
3220,Shoudikri
3221,Shoufra
3222,Shoufri
3223,Shouglojio
3224,Shougou
3225,Shoukiofra
3226,Shoumepou
3227,Shoupe
3228,Shousou
3229,Shouvu
3230,Shouzio
3231,Shovaelou
3232,Showa
3233,Showashae
3234,Showoupe
3235,Shoza
3236,Shubro
3237,Shubroura
3238,Shucoukru
3239,Shucrae
3240,Shudocio
3241,Shudrigou
3242,Shudrou
3243,Shugre
3244,Shugrio
3245,Shuli
3246,Shunu
3247,Shupre
3248,Shushae
3249,Shusho
3250,Shusio
3251,Shuthu
3252,Shutraerio
3253,Sidaegou
3254,Sidra
3255,Sija
3256,Siji
3257,Sijou
3258,Sijoubra
3259,Siklaeli
3260,Silae
3261,Sinecrou
3262,Sioca
3263,Siofre
3264,Siofrio
3265,Sioga
3266,Siogu
3267,Sioje
3268,Siokleskou
3269,Siokrouglo
3270,Siokrovio
3271,Sioloute
3272,Siopri
3273,Siopu
3274,Siora
3275,Siosho
3276,Sioshobae
3277,Siosija
3278,Sioskoucro
3279,Sioste
3280,Siotoupae
3281,Siotu
3282,Siovaepe
3283,Sipu
3284,Siskoucrou
3285,Sithiosko
3286,Sithou
3287,Siti
3288,Sivefrio
3289,Siwoule
3290,Skabraefro
3291,Skabucou
3292,Skacouwio
3293,Skacru
3294,Skadetha
3295,Skadokla
3296,Skadrubre
3297,Skaebae
3298,Skaebre
3299,Skaebro
3300,Skaedrae
3301,Skaefra
3302,Skaego
3303,Skaejugo
3304,Skaeklishu
3305,Skaekoubio
3306,Skaela
3307,Skaenae
3308,Skaenive
3309,Skaepae
3310,Skaepro
3311,Skaeproklu
3312,Skaereglou
3313,Skaesha
3314,Skaestu
3315,Skaetio
3316,Skaevi
3317,Skaezado
3318,Skafouglou
3319,Skaglae
3320,Skaglelou
3321,Skakri
3322,Skakufu
3323,Skalio
3324,Skapae
3325,Skasaeklo
3326,Skashae
3327,Skaski
3328,Skastouwa
3329,Skathu
3330,Skawi
3331,Skebae
3332,Skeda
3333,Skedriza
3334,Skeglo
3335,Skegouru
3336,Skejaebre
3337,Skejiotre
3338,Skeklou
3339,Skepa
3340,Skepae
3341,Skepogio
3342,Skera
3343,Skesefa
3344,Skesio
3345,Skeskoskio
3346,Skestae
3347,Sketeki
3348,Sketripu
3349,Skeva
3350,Skevi
3351,Skewabro
3352,Skewe
3353,Skidru
3354,Skiglou
3355,Skigra
3356,Skigru
3357,Skija
3358,Skijaeko
3359,Skiklu
3360,Skikrou
3361,Skili
3362,Skiocepou
3363,Skioda
3364,Skiode
3365,Skiogrijou
3366,Skiokriri
3367,Skiopae
3368,Skiopio
3369,Skiopra
3370,Skioshope
3371,Skioske
3372,Skiostou
3373,Skiothe
3374,Skiothimou
3375,Skiovi
3376,Skiovo
3377,Skiowoko
3378,Skiozaeju
3379,Skipuba
3380,Skisko
3381,Skitaetou
3382,Skito
3383,Skitribi
3384,Skizatu
3385,Skocio
3386,Skofivio
3387,Skofralo
3388,Skohae
3389,Skohatrou
3390,Skokrocu
3391,Skono
3392,Skopiglae
3393,Skoponae
3394,Skorou
3395,Skostae
3396,Skostouro
3397,Skothowe
3398,Skoucrabi
3399,Skoucrero
3400,Skoufaeme
3401,Skougi
3402,Skoujahi
3403,Skouklamu
3404,Skoukli
3405,Skoulio
3406,Skouneglae
3407,Skoupraegi
3408,Skoure
3409,Skousae
3410,Skouseski
3411,Skousio
3412,Skousivo
3413,Skouska
3414,Skouskatho
3415,Skouso
3416,Skoutrou
3417,Skoutrunae
3418,Skouwu
3419,Skovi
3420,Skowu
3421,Skubio
3422,Skucrae
3423,Skudroto
3424,Skufoudri
3425,Skufri
3426,Skufriru
3427,Skufrosko
3428,Skufruskio
3429,Skuhae
3430,Skuja
3431,Skuje
3432,Skukio
3433,Skukro
3434,Skunazio
3435,Skuno
3436,Skusou
3437,Skusta
3438,Skustae
3439,Skutae
3440,Skuvae
3441,Skuvuze
3442,Socou
3443,Sofae
3444,Soga
3445,Sojirae
3446,Soklige
3447,Solu
3448,Sorothe
3449,Soshokrou
3450,Soubi
3451,Soucocu
3452,Soucre
3453,Soudare
3454,Soufio
3455,Souglou
3456,Sougoubra
3457,Sougrae
3458,Souho
3459,Soukliofre
3460,Soume
3461,Soupo
3462,Souprathe
3463,Souprio
3464,Souzi
3465,Sowupra
3466,Stabedio
3467,Stabiode
3468,Stacou
3469,Stacra
3470,Stadeshi
3471,Stadou
3472,Stadro
3473,Staebrae
3474,Staedae
3475,Staedrinu
3476,Staefreglu
3477,Staega
3478,Staeglupu
3479,Staekidae
3480,Staeklaebo
3481,Staeklu
3482,Staelacou
3483,Staelikio
3484,Staenu
3485,Staepiodri
3486,Staeshio
3487,Staeshite
3488,Staesho
3489,Staestorio
3490,Staethorou
3491,Staetrou
3492,Staewa
3493,Staewae
3494,Staewaere
3495,Staezi
3496,Stafefru
3497,Stafre
3498,Stafriolu
3499,Stagazo
3500,Stage
3501,Staja
3502,Staklihi
3503,Staklioke
3504,Stalae
3505,Stami
3506,Stapou
3507,Stapre
3508,Staprio
3509,Staskoha
3510,Stastofri
3511,Stato
3512,Stavi
3513,Stawiocri
3514,Stazakli
3515,Stedastio
3516,Stediozu
3517,Stege
3518,Stegiotru
3519,Steglaefra
3520,Steglougou
3521,Stehabio
3522,Stehepio
3523,Stehifa
3524,Stejadrae
3525,Stejodu
3526,Stemouko
3527,Steniodo
3528,Steskae
3529,Steske
3530,Steta
3531,Stethu
3532,Stetreka
3533,Stetrio
3534,Steza
3535,Stibre
3536,Sticaekio
3537,Stifrostae
3538,Stigio
3539,Stiglu
3540,Stiji
3541,Stijou
3542,Stimakli
3543,Stinepe
3544,Stiodethou
3545,Stioglio
3546,Stiogo
3547,Stiogratae
3548,Stiohewae
3549,Stiohopo
3550,Stiojecro
3551,Stiojo
3552,Stioki
3553,Stioko
3554,Stiolasa
3555,Stioseva
3556,Stioskimae
3557,Stiothali
3558,Stiotoski
3559,Stiovecre
3560,Stiovi
3561,Stiovisho
3562,Stiovukrio
3563,Stiowaetho
3564,Stipe
3565,Stiprashae
3566,Stirou
3567,Stisteprou
3568,Stitaedrae
3569,Stitoufe
3570,Stitredrio
3571,Stitro
3572,Stitru
3573,Stocaehi
3574,Stocra
3575,Stocrukli
3576,Stodro
3577,Stofrejio
3578,Stoglouji
3579,Stoki
3580,Stokla
3581,Stopro
3582,Stoproutro
3583,Storuma
3584,Stothae
3585,Stotiowou
3586,Stoubaja
3587,Stouboji
3588,Stoudoudri
3589,Stoufucre
3590,Stougeglae
3591,Stougila
3592,Stouhuhio
3593,Stoujaewio
3594,Stoukli
3595,Stoukre
3596,Stouliomi
3597,Stouma
3598,Stouna
3599,Stounio
3600,Stoupa
3601,Stouraesa
3602,Stouzae
3603,Stovae
3604,Stowo
3605,Stucrae
3606,Studae
3607,Stufio
3608,Stugrikrio
3609,Stukloku
3610,Stukrio
3611,Stumiotre
3612,Stumostae
3613,Stuni
3614,Stuno
3615,Stupio
3616,Stupru
3617,Stusaego
3618,Stushu
3619,Stuski
3620,Stusko
3621,Stutaegou
3622,Stutra
3623,Stuvele
3624,Stuwou
3625,Subre
3626,Subruko
3627,Sucomu
3628,Sucraskou
3629,Sudrae
3630,Sudroubrio
3631,Sufire
3632,Sufrae
3633,Sugafrae
3634,Suglaekrae
3635,Sugloukio
3636,Sugro
3637,Suhe
3638,Sukro
3639,Suredae
3640,Suriopro
3641,Susiothae
3642,Suskewe
3643,Suso
3644,Sustae
3645,Suste
3646,Sutraefa
3647,Sutu
3648,Suvife
3649,Suvou
3650,Suzou
3651,Tabre
3652,Tadri
3653,Taebunou
3654,Taedoklou
3655,Taefolo
3656,Taegra
3657,Taegrae
3658,Taelo
3659,Taemou
3660,Taero
3661,Taeshetha
3662,Taetiotru
3663,Taevoushu
3664,Taewe
3665,Taewo
3666,Tafo
3667,Tagou
3668,Tajaelae
3669,Takrio
3670,Tapru
3671,Taske
3672,Tasku
3673,Tastaesae
3674,Tastusa
3675,Tazapa
3676,Tebriodio
3677,Tecou
3678,Tecukrio
3679,Tedru
3680,Tefrou
3681,Teglouwi
3682,Tego
3683,Tehegi
3684,Tenepru
3685,Teproku
3686,Tesae
3687,Tetaedrio
3688,Tetaehu
3689,Tethu
3690,Tewicrio
3691,Tezecrae
3692,Thabrotre
3693,Thacrou
3694,Thadrio
3695,Thaebo
3696,Thaebrouji
3697,Thaedopra
3698,Thaefokri
3699,Thaefrehe
3700,Thaegiogae
3701,Thaeha
3702,Thaekokrae
3703,Thaeprio
3704,Thaeraka
3705,Thaeshioro
3706,Thaesou
3707,Thaestio
3708,Thaethilu
3709,Thaetostae
3710,Thaeviobae
3711,Thaewaeshi
3712,Thafu
3713,Thaglahi
3714,Thahosho
3715,Thajabri
3716,Thaku
3717,Thanuga
3718,Thaskasio
3719,Thaski
3720,Thaskio
3721,Thasou
3722,Thatatra
3723,Thatio
3724,Thatou
3725,Thawaebo
3726,Thazio
3727,Thebi
3728,Thedi
3729,Thefiocrou
3730,Thefri
3731,Theglu
3732,Thegluca
3733,Thekaehio
3734,Thekri
3735,Thekrulo
3736,Thela
3737,Thelaecri
3738,Theme
3739,Theroudrou
3740,Thetosio
3741,Thetrisho
3742,Thevoufri
3743,Thewiovae
3744,Thezo
3745,Thibraepi
3746,Thidridio
3747,Thifaepae
3748,Thifio
3749,Thigli
3750,Thigri
3751,Thihou
3752,Thihulae
3753,Thikae
3754,Thiku
3755,Thinogrio
3756,Thinoula
3757,Thiobrapae
3758,Thiofri
3759,Thiofrisu
3760,Thioglae
3761,Thioglio
3762,Thiogrida
3763,Thiojou
3764,Thiokae
3765,Thioklu
3766,Thiokre
3767,Thiokrunu
3768,Thiolou
3769,Thiomila
3770,Thiomioba
3771,Thionio
3772,Thiopofrae
3773,Thiopousha
3774,Thioprejo
3775,Thioriomio
3776,Thioskio
3777,Thiosko
3778,Thiosta
3779,Thiothasku
3780,Thiotio
3781,Thipio
3782,Thisko
3783,Thistiogi
3784,Thitrapae
3785,Thitu
3786,Thizou
3787,Thobe
3788,Thobo
3789,Thobrukra
3790,Thocekae
3791,Thoco
3792,Thodre
3793,Thogou
3794,Thohimae
3795,Thohota
3796,Thojajae
3797,Thokli
3798,Thole
3799,Thonuvu
3800,Thopobu
3801,Thore
3802,Thosae
3803,Thoskae
3804,Thosou
3805,Thotre
3806,Thotriprou
3807,Thoubrugo
3808,Thouci
3809,Thoudiogou
3810,Thoufapri
3811,Thoufrela
3812,Thoulerou
3813,Thoumi
3814,Thouru
3815,Thoushe
3816,Thousio
3817,Thoutegro
3818,Thouthousa
3819,Thoutrou
3820,Thouva
3821,Thouve
3822,Thouvizae
3823,Thouvo
3824,Thovoubrio
3825,Thowaewou
3826,Thozipi
3827,Thubo
3828,Thubrodre
3829,Thudri
3830,Thugete
3831,Thuhiotae
3832,Thumishae
3833,Thuposhae
3834,Thutafio
3835,Thuzio
3836,Ticrozu
3837,Tidrou
3838,Tifi
3839,Tijo
3840,Tijofro
3841,Tikre
3842,Tikrepio
3843,Tilaglio
3844,Tilo
3845,Tiobri
3846,Tiobro
3847,Tiocou
3848,Tiodou
3849,Tiofrou
3850,Tiokize
3851,Tiokouta
3852,Tiokrudro
3853,Tiokruni
3854,Tioma
3855,Tiopioska
3856,Tiopraevae
3857,Tioshaekra
3858,Tioshio
3859,Tiosko
3860,Tiosta
3861,Tiotrae
3862,Tiotraecu
3863,Tiowaedre
3864,Tiowopio
3865,Tiozoure
3866,Tipru
3867,Tira
3868,Tiske
3869,Tisko
3870,Tistougre
3871,Titae
3872,Titro
3873,Tobila
3874,Tocae
3875,Tocu
3876,Togo
3877,Tokra
3878,Tokrae
3879,Tokrarae
3880,Toniomu
3881,Tonu
3882,Tope
3883,Topre
3884,Torou
3885,Toskouski
3886,Tosogro
3887,Tothouke
3888,Toubo
3889,Toucrubrou
3890,Touda
3891,Toufaskae
3892,Toufra
3893,Touge
3894,Toujouwe
3895,Touklojou
3896,Toula
3897,Toumae
3898,Toumaebrio
3899,Toupouzou
3900,Toupruco
3901,Toushu
3902,Touzae
3903,Touziosu
3904,Traca
3905,Tracokou
3906,Tracou
3907,Traebidru
3908,Traebro
3909,Traehaepru
3910,Traehubru
3911,Traeje
3912,Traeka
3913,Traekri
3914,Traekrouco
3915,Traela
3916,Traele
3917,Traeliome
3918,Traeprikra
3919,Traesopae
3920,Traeste
3921,Traestebro
3922,Traetio
3923,Traevecrou
3924,Traezocrio
3925,Trafou
3926,Traga
3927,Tragraskae
3928,Tragrocrou
3929,Traha
3930,Tramuri
3931,Traskako
3932,Traskirio
3933,Tratha
3934,Trazoufi
3935,Trefio
3936,Tregogre
3937,Trejupa
3938,Trekiokro
3939,Trekousu
3940,Treku
3941,Trela
3942,Trelouwo
3943,Treme
3944,Tremuga
3945,Treporou
3946,Treprala
3947,Trepre
3948,Treraecrae
3949,Tribahou
3950,Tribrae
3951,Trifa
3952,Trifoutru
3953,Trikle
3954,Trine
3955,Triobu
3956,Triodri
3957,Triohaemu
3958,Trioji
3959,Triokla
3960,Triokligio
3961,Trioko
3962,Trionou
3963,Trioprunio
3964,Trioshio
3965,Triotroske
3966,Tripeklu
3967,Triraecrio
3968,Trisku
3969,Tritha
3970,Trithiovi
3971,Tritraewa
3972,Tritranae
3973,Triva
3974,Trobraestu
3975,Trobu
3976,Trocrio
3977,Trodihou
3978,Trofra
3979,Trofraklou
3980,Trogi
3981,Troglavo
3982,Trograefro
3983,Trogru
3984,Trojaefo
3985,Trokliovou
3986,Tromi
3987,Tropricio
3988,Trostoro
3989,Trote
3990,Troubujae
3991,Troucaku
3992,Trouci
3993,Troufe
3994,Troukriogo
3995,Troukrivio
3996,Troukru
3997,Troulaezae
3998,Troupio
3999,Trouprae
4000,Trousefru
4001,Troushaeli
4002,Troushio
4003,Troustegi
4004,Troutripe
4005,Troutu
4006,Trouwastae
4007,Trouwioglu
4008,Truco
4009,Trucu
4010,Trufrosho
4011,Trujibrou
4012,Trukli
4013,Trukruno
4014,Trumou
4015,Truna
4016,Trusku
4017,Trusoucu
4018,Trustu
4019,Trutu
4020,Tubae
4021,Tubre
4022,Tucose
4023,Tucou
4024,Tudou
4025,Tudri
4026,Tugraetri
4027,Tuhiotra
4028,Tujiopae
4029,Tukla
4030,Tuklaedre
4031,Tukredi
4032,Tukripro
4033,Tulou
4034,Tupepro
4035,Tuprushae
4036,Turaesio
4037,Turi
4038,Tuskaepe
4039,Tusko
4040,Tustifro
4041,Tutheklae
4042,Tuzae
4043,Vabae
4044,Vacri
4045,Vacro
4046,Vadae
4047,Vaebrio
4048,Vaecre
4049,Vaedrae
4050,Vaefru
4051,Vaegraepre
4052,Vaeki
4053,Vaekramio
4054,Vaekrutri
4055,Vaeliokri
4056,Vaelou
4057,Vaemou
4058,Vaepae
4059,Vaeri
4060,Vaeskifae
4061,Vaeskihio
4062,Vaesko
4063,Vaesougla
4064,Vaethimae
4065,Vaetru
4066,Vaevou
4067,Vaezaglae
4068,Vaezoubo
4069,Vafrae
4070,Vaga
4071,Vagi
4072,Vagli
4073,Vagouha
4074,Vahiowio
4075,Vahoupro
4076,Vaje
4077,Vake
4078,Vakrorou
4079,Vamopra
4080,Vamou
4081,Vapafio
4082,Vara
4083,Varicrio
4084,Vasaelo
4085,Vaska
4086,Vaskio
4087,Vastou
4088,Vathigo
4089,Vathioge
4090,Vatrae
4091,Vecoukre
4092,Vedou
4093,Veri
4094,Veta
4095,Vethavo
4096,Vewebi
4097,Veze
4098,Viba
4099,Vibaegio
4100,Vibio
4101,Vide
4102,Vidreje
4103,Vifrio
4104,Vigliotra
4105,Vigoprae
4106,Vigre
4107,Vigru
4108,Vijiosu
4109,Vilumou
4110,Vimaebrae
4111,Vinio
4112,Vinu
4113,Vioco
4114,Viogre
4115,Viohoumu
4116,Viojio
4117,Viojo
4118,Viokru
4119,Violio
4120,Violu
4121,Viopithi
4122,Viosho
4123,Viosiokli
4124,Vioski
4125,Viosu
4126,Viovi
4127,Vipe
4128,Viprio
4129,Viro
4130,Visa
4131,Vitraenio
4132,Vitropre
4133,Vivo
4134,Viwio
4135,Viwu
4136,Vizibio
4137,Vocre
4138,Vocrio
4139,Vofre
4140,Vogro
4141,Voke
4142,Vokri
4143,Voma
4144,Vomashe
4145,Vome
4146,Vona
4147,Votaesi
4148,Vothuzu
4149,Voucouke
4150,Voucrae
4151,Vougi
4152,Vougoube
4153,Vougregio
4154,Vouhou
4155,Voujifre
4156,Voukio
4157,Vouklou
4158,Vounou
4159,Voupaglae
4160,Voupio
4161,Vouprou
4162,Voushio
4163,Vouskuhe
4164,Voustoucro
4165,Voute
4166,Vouwio
4167,Vowece
4168,Vubrio
4169,Vucioko
4170,Vudela
4171,Vudouwo
4172,Vufa
4173,Vugliji
4174,Vugra
4175,Vulae
4176,Vumio
4177,Vunase
4178,Vurikrou
4179,Vurouju
4180,Vusha
4181,Vushou
4182,Vuske
4183,Vutedru
4184,Vuza
4185,Waco
4186,Wacrou
4187,Wadre
4188,Waebo
4189,Waeca
4190,Waegriofra
4191,Waehae
4192,Waeka
4193,Waemove
4194,Waepre
4195,Waestaske
4196,Waesu
4197,Waetaena
4198,Wagara
4199,Wagi
4200,Wahiosae
4201,Wajae
4202,Waji
4203,Wakisi
4204,Wakriozio
4205,Wamou
4206,Wanekra
4207,Washipae
4208,Wathothi
4209,Wavio
4210,Wavo
4211,Wawoski
4212,Webabru
4213,Webri
4214,Wecouste
4215,Wecre
4216,Wecriro
4217,Wefezio
4218,Wehe
4219,Wejasku
4220,Weji
4221,Welouhi
4222,Wepa
4223,Weskaecru
4224,Wethista
4225,Weve
4226,Wibioja
4227,Wifriju
4228,Wigle
4229,Wiglo
4230,Wiglu
4231,Wigrio
4232,Wijae
4233,Wikiofa
4234,Wikioglou
4235,Wilou
4236,Wiobri
4237,Wiocekio
4238,Wiocri
4239,Wiocrouko
4240,Wiojigla
4241,Wioka
4242,Wiokou
4243,Wiomio
4244,Wionae
4245,Wione
4246,Wionefou
4247,Wionio
4248,Wiono
4249,Wiopotha
4250,Wiopre
4251,Wioprejo
4252,Wiopru
4253,Wiosku
4254,Wioste
4255,Wiotu
4256,Wiotupro
4257,Wiovi
4258,Wita
4259,Wivounou
4260,Wobrutou
4261,Wocrou
4262,Wocroufe
4263,Wodabou
4264,Wodrouvi
4265,Wofra
4266,Woglastio
4267,Woglio
4268,Wograbrio
4269,Wokaepo
4270,Wokio
4271,Wokrae
4272,Woku
4273,Wopriowi
4274,Woskidri
4275,Wosouda
4276,Wostu
4277,Wote
4278,Wotou
4279,Wotra
4280,Wotre
4281,Woubusa
4282,Wougrio
4283,Wouji
4284,Wounudri
4285,Wouskouma
4286,Woustou
4287,Wousupru
4288,Wouvi
4289,Wouwae
4290,Wozaga
4291,Wubriorou
4292,Wudu
4293,Wugaeprou
4294,Wuglae
4295,Wujaero
4296,Wukiogru
4297,Wukou
4298,Wumae
4299,Wumoutru
4300,Wupreni
4301,Wushou
4302,Wushoukrio
4303,Wuthou
4304,Wutio
4305,Wuze
4306,Zacaefio
4307,Zadrae
4308,Zadrothi
4309,Zaebiostae
4310,Zaebo
4311,Zaeboufi
4312,Zaecrou
4313,Zaecrusku
4314,Zaedraepri
4315,Zaefofa
4316,Zaega
4317,Zaegio
4318,Zaeglio
4319,Zaehamu
4320,Zaekludri
4321,Zaeshacou
4322,Zaeshagru
4323,Zaeskaebe
4324,Zaesu
4325,Zaetaskio
4326,Zaetou
4327,Zaevouzou
4328,Zaezocra
4329,Zafroufrae
4330,Zagrihou
4331,Zagro
4332,Zagu
4333,Zaho
4334,Zaku
4335,Zaniotro
4336,Zaprumi
4337,Zatetu
4338,Zathaeji
4339,Zatodae
4340,Zatrahae
4341,Zatro
4342,Zave
4343,Zazouwe
4344,Zebioko
4345,Zeboukla
4346,Zedrigo
4347,Zedro
4348,Zedu
4349,Zefilae
4350,Zefopru
4351,Zegla
4352,Zeglio
4353,Zejou
4354,Zemi
4355,Zemou
4356,Zepi
4357,Zestu
4358,Zevou
4359,Zewo
4360,Ziba
4361,Zibri
4362,Zicro
4363,Zifrakou
4364,Zigi
4365,Zigure
4366,Zihiomu
4367,Zihipro
4368,Zijaeskou
4369,Ziklae
4370,Zilio
4371,Zina
4372,Zini
4373,Zinou
4374,Ziobae
4375,Ziodre
4376,Ziodrogo
4377,Ziodroudre
4378,Ziofrougou
4379,Ziokashu
4380,Ziopruki
4381,Zioshodrae
4382,Zioshubi
4383,Zioshutru
4384,Ziovaje
4385,Ziovouwu
4386,Zipre
4387,Zitraki
4388,Zitre
4389,Zizedre
4390,Zobre
4391,Zocaekio
4392,Zocrape
4393,Zodastio
4394,Zofrouklou
4395,Zoge
4396,Zoglae
4397,Zogre
4398,Zokre
4399,Zoliofae
4400,Zore
4401,Zoru
4402,Zosesti
4403,Zosoulou
4404,Zostiobro
4405,Zotru
4406,Zouba
4407,Zoubra
4408,Zoubu
4409,Zoucae
4410,Zouce
4411,Zoucru
4412,Zoudi
4413,Zoudre
4414,Zoudrogru
4415,Zoufo
4416,Zougliori
4417,Zougo
4418,Zougou
4419,Zouha
4420,Zoujouge
4421,Zoukese
4422,Zousio
4423,Zouskae
4424,Zouvo
4425,Zouzae
4426,Zowi
4427,Zowiotrou
4428,Zubrio
4429,Zucio
4430,Zucre
4431,Zudae
4432,Zude
4433,Zufrezu
4434,Zuji
4435,Zukrou
4436,Zulio
4437,Zuprae
4438,Zupusha
4439,Zusa
4440,Zusaeho
4441,Zustalae
4442,Zuthaeka
4443,Zuvou